{
	"format":"RedTriplane.Scene2D",
	"version":"1.0",
	"timestamp":"1494008561918",
	"root_file_name":"com.jfixby.tinto.preloader.r3-scenes",
	"packed_assets":[
		"com.jfixby.tinto.preloader.psd"
		],
	"package_dependencies":[
		"com.jfixby.tinto.preloader.psd.raster_0",
		"com.jfixby.tinto.preloader.psd.raster_1",
		"com.jfixby.tinto.preloader.psd.raster_2",
		"com.jfixby.tinto.preloader.psd.raster_3",
		"com.jfixby.tinto.preloader.psd.raster_4",
		"com.jfixby.tinto.preloader.psd.raster_5",
		"com.jfixby.tinto.preloader.psd.raster_6",
		"com.jfixby.tinto.preloader.psd.raster_7",
		"com.jfixby.tinto.preloader.psd.raster_8",
		"com.jfixby.tinto.preloader.psd.raster_9",
		"com.jfixby.tinto.preloader.psd.raster_10",
		"com.jfixby.tinto.preloader.psd.raster_11",
		"com.jfixby.tinto.preloader.psd.raster_12",
		"com.jfixby.tinto.preloader.psd.raster_13",
		"com.jfixby.tinto.preloader.psd.raster_14",
		"com.jfixby.tinto.preloader.psd.raster_15",
		"com.jfixby.tinto.preloader.psd.raster_16",
		"com.jfixby.tinto.preloader.psd.raster_17",
		"com.jfixby.tinto.preloader.psd.raster_18",
		"com.jfixby.tinto.preloader.psd.raster_19",
		"com.jfixby.tinto.preloader.psd.raster_20",
		"com.jfixby.tinto.preloader.psd.raster_21",
		"com.jfixby.tinto.preloader.psd.raster_22",
		"com.jfixby.tinto.preloader.psd.raster_23",
		"com.jfixby.tinto.preloader.psd.raster_24",
		"com.jfixby.tinto.preloader.psd.raster_25",
		"com.jfixby.tinto.preloader.psd.raster_26",
		"com.jfixby.tinto.preloader.psd.raster_27",
		"GenericFont.otf"
		]
}