{
	"structures":[
		{
			"structure_name":"com.jfixby.tinto.preloader.psd",
			"root":{
				"uid":"le-0",
				"is_sublayer":true,
				"name":"com.jfixby.tinto.preloader.psd",
				"children":{
					"list":[
						"le-1"
						]
				},
				"camera_settings":{
					"position_x":1024,
					"position_y":768,
					"origin_relative_x":0.5,
					"origin_relative_y":0.5,
					"width":2048,
					"height":1536,
					"mode":"FILL_SCREEN_APERTURE_WRAP"
				}
			},
			"original_width":2048,
			"original_height":1536,
			"elements":{
				"le-6":{
					"uid":"le-6",
					"is_raster":true,
					"name":"Layer 23 copy",
					"raster_id":"com.jfixby.tinto.preloader.psd.raster_3",
					"blend_mode":"NORMAL",
					"position_x":971,
					"position_y":696,
					"width":23,
					"height":50.5,
					"children":{}
				},
				"le-7":{
					"uid":"le-7",
					"is_raster":true,
					"name":"Layer 19",
					"raster_id":"com.jfixby.tinto.preloader.psd.raster_4",
					"blend_mode":"NORMAL",
					"position_x":860,
					"position_y":730,
					"width":137,
					"height":116,
					"children":{}
				},
				"le-30":{
					"uid":"le-30",
					"is_raster":true,
					"is_hidden":true,
					"name":"f2",
					"raster_id":"com.jfixby.tinto.preloader.psd.raster_22",
					"blend_mode":"NORMAL",
					"position_x":765.5,
					"position_y":646.5,
					"width":21.5,
					"height":46,
					"children":{},
					"animation_settings":{
						"frame_time":"900"
					}
				},
				"le-4":{
					"uid":"le-4",
					"is_raster":true,
					"is_hidden":true,
					"name":"Layer 21",
					"raster_id":"com.jfixby.tinto.preloader.psd.raster_1",
					"blend_mode":"NORMAL",
					"position_x":949,
					"position_y":677,
					"width":47,
					"height":86,
					"children":{}
				},
				"le-31":{
					"uid":"le-31",
					"is_animation":true,
					"name":"АНИМА WIFI",
					"animation_id":"com.jfixby.tinto.preloader.psd.anim_brush",
					"children":{
						"list":[
							"le-32",
							"le-33",
							"le-34",
							"le-35"
							]
					},
					"animation_settings":{
						"is_simple_animation":true,
						"is_looped":true,
						"use_spline":true
					}
				},
				"le-5":{
					"uid":"le-5",
					"is_raster":true,
					"is_hidden":true,
					"name":"Layer 23",
					"raster_id":"com.jfixby.tinto.preloader.psd.raster_2",
					"blend_mode":"NORMAL",
					"position_x":971,
					"position_y":696,
					"width":23,
					"height":50.5,
					"children":{}
				},
				"le-10":{
					"uid":"le-10",
					"is_raster":true,
					"is_hidden":true,
					"name":"Layer 15 copy",
					"raster_id":"com.jfixby.tinto.preloader.psd.raster_6",
					"blend_mode":"NORMAL",
					"position_x":651,
					"position_y":901.5,
					"width":178,
					"height":106.5,
					"children":{},
					"animation_settings":{
						"frame_time":"200"
					}
				},
				"le-32":{
					"uid":"le-32",
					"is_raster":true,
					"name":"f0",
					"raster_id":"com.jfixby.tinto.preloader.psd.raster_23",
					"blend_mode":"NORMAL",
					"position_x":1338.5,
					"position_y":441,
					"width":24.5,
					"height":36.5,
					"children":{},
					"animation_settings":{
						"frame_time":"600"
					}
				},
				"le-11":{
					"uid":"le-11",
					"is_raster":true,
					"is_hidden":true,
					"name":"Layer 15 copy 2",
					"raster_id":"com.jfixby.tinto.preloader.psd.raster_7",
					"blend_mode":"NORMAL",
					"position_x":641,
					"position_y":902,
					"width":188,
					"height":119,
					"children":{},
					"animation_settings":{
						"frame_time":"200"
					}
				},
				"le-33":{
					"uid":"le-33",
					"is_raster":true,
					"name":"f1",
					"raster_id":"com.jfixby.tinto.preloader.psd.raster_24",
					"blend_mode":"NORMAL",
					"position_x":1254,
					"position_y":506.5,
					"width":40.5,
					"height":45,
					"children":{},
					"animation_settings":{
						"frame_time":"600"
					}
				},
				"le-12":{
					"uid":"le-12",
					"is_raster":true,
					"is_hidden":true,
					"name":"Layer 15 copy 3",
					"raster_id":"com.jfixby.tinto.preloader.psd.raster_8",
					"blend_mode":"NORMAL",
					"position_x":635.5,
					"position_y":902,
					"width":193.5,
					"height":99.5,
					"children":{},
					"animation_settings":{
						"frame_time":"200"
					}
				},
				"le-34":{
					"uid":"le-34",
					"is_raster":true,
					"name":"f2",
					"raster_id":"com.jfixby.tinto.preloader.psd.raster_25",
					"blend_mode":"NORMAL",
					"position_x":1187.5,
					"position_y":506.5,
					"width":107,
					"height":107.5,
					"children":{},
					"animation_settings":{
						"frame_time":"600"
					}
				},
				"le-8":{
					"uid":"le-8",
					"is_animation":true,
					"name":"АНИМА ХВОСТ",
					"animation_id":"com.jfixby.tinto.preloader.psd.anim_tail",
					"children":{
						"list":[
							"le-9",
							"le-10",
							"le-11",
							"le-12",
							"le-13",
							"le-14"
							]
					},
					"animation_settings":{
						"is_simple_animation":true,
						"is_looped":true,
						"use_spline":true
					}
				},
				"le-13":{
					"uid":"le-13",
					"is_raster":true,
					"is_hidden":true,
					"name":"Layer 15 copy 4",
					"raster_id":"com.jfixby.tinto.preloader.psd.raster_9",
					"blend_mode":"NORMAL",
					"position_x":648,
					"position_y":902,
					"width":181,
					"height":88,
					"children":{},
					"animation_settings":{
						"frame_time":"200"
					}
				},
				"le-35":{
					"uid":"le-35",
					"is_raster":true,
					"name":"f3",
					"raster_id":"com.jfixby.tinto.preloader.psd.raster_26",
					"blend_mode":"NORMAL",
					"position_x":1107.5,
					"position_y":506.5,
					"width":187,
					"height":177,
					"children":{},
					"animation_settings":{
						"frame_time":"600"
					}
				},
				"le-9":{
					"uid":"le-9",
					"is_raster":true,
					"name":"Layer 15",
					"raster_id":"com.jfixby.tinto.preloader.psd.raster_5",
					"blend_mode":"NORMAL",
					"position_x":662.5,
					"position_y":898.5,
					"width":159.5,
					"height":108,
					"children":{},
					"animation_settings":{
						"frame_time":"200"
					}
				},
				"le-14":{
					"uid":"le-14",
					"is_raster":true,
					"is_hidden":true,
					"name":"Layer 15 copy 5",
					"raster_id":"com.jfixby.tinto.preloader.psd.raster_10",
					"blend_mode":"NORMAL",
					"position_x":660,
					"position_y":902,
					"width":169,
					"height":89.5,
					"children":{},
					"animation_settings":{
						"frame_time":"200"
					}
				},
				"le-36":{
					"uid":"le-36",
					"is_text":true,
					"name":"text",
					"textbar_id":"com.jfixby.tinto.preloader.psd.text.textBar1",
					"position_x":975.5,
					"position_y":630.5,
					"children":{
						"list":[
							"le-37"
							]
					},
					"text_settings":{
						"font_settings":{
							"value_is_in_pixels":true,
							"font_size":48,
							"name":"GenericFont.otf",
							"font_scale":0.5,
							"font_color":"#ffffffff"
						},
						"padding":10,
						"text_value_raw":"100%"
					}
				},
				"le-15":{
					"uid":"le-15",
					"is_animation":true,
					"name":"АНИМА УДИВЛЕНИЕ",
					"animation_id":"com.jfixby.tinto.preloader.psd.anim_eye",
					"children":{
						"list":[
							"le-16",
							"le-17",
							"le-18"
							]
					},
					"animation_settings":{
						"is_simple_animation":true,
						"is_looped":true,
						"use_spline":true
					}
				},
				"le-37":{
					"uid":"le-37",
					"is_raster":true,
					"is_hidden":true,
					"name":"Layer 27",
					"raster_id":"com.jfixby.tinto.preloader.psd.raster_27",
					"blend_mode":"NORMAL",
					"width":18.5,
					"height":5,
					"children":{}
				},
				"le-16":{
					"uid":"le-16",
					"is_raster":true,
					"name":"Layer 17",
					"raster_id":"com.jfixby.tinto.preloader.psd.raster_11",
					"blend_mode":"NORMAL",
					"position_x":837,
					"position_y":719,
					"width":13.5,
					"height":12.5,
					"children":{},
					"animation_settings":{
						"frame_time":"500"
					}
				},
				"le-17":{
					"uid":"le-17",
					"is_raster":true,
					"is_hidden":true,
					"name":"Layer 14",
					"raster_id":"com.jfixby.tinto.preloader.psd.raster_12",
					"blend_mode":"NORMAL",
					"position_x":833,
					"position_y":718.5,
					"width":37.5,
					"height":27,
					"children":{},
					"animation_settings":{
						"frame_time":"500"
					}
				},
				"le-18":{
					"uid":"le-18",
					"is_raster":true,
					"is_hidden":true,
					"name":"Layer 14 copy",
					"raster_id":"com.jfixby.tinto.preloader.psd.raster_13",
					"blend_mode":"NORMAL",
					"position_x":829,
					"position_y":719.5,
					"width":40.5,
					"height":26,
					"children":{},
					"animation_settings":{
						"frame_time":"500"
					}
				},
				"le-19":{
					"uid":"le-19",
					"is_animation":true,
					"name":"АНИМА WIFI-FAIL",
					"animation_id":"com.jfixby.tinto.preloader.psd.anim_brush",
					"children":{
						"list":[
							"le-20",
							"le-21",
							"le-22",
							"le-23"
							]
					},
					"animation_settings":{
						"is_simple_animation":true,
						"is_looped":true,
						"use_spline":true
					}
				},
				"le-2":{
					"uid":"le-2",
					"is_sublayer":true,
					"name":"TINTO_BACK",
					"children":{
						"list":[
							"le-3",
							"le-4",
							"le-5",
							"le-6",
							"le-7"
							]
					}
				},
				"le-3":{
					"uid":"le-3",
					"is_raster":true,
					"name":"back",
					"raster_id":"com.jfixby.tinto.preloader.psd.raster_0",
					"blend_mode":"NORMAL",
					"position_x":795.5,
					"position_y":682.5,
					"width":197.5,
					"height":368,
					"children":{}
				},
				"le-0":{
					"uid":"le-0",
					"is_sublayer":true,
					"name":"com.jfixby.tinto.preloader.psd",
					"children":{
						"list":[
							"le-1"
							]
					},
					"camera_settings":{
						"position_x":1024,
						"position_y":768,
						"origin_relative_x":0.5,
						"origin_relative_y":0.5,
						"width":2048,
						"height":1536,
						"mode":"FILL_SCREEN_APERTURE_WRAP"
					}
				},
				"le-1":{
					"uid":"le-1",
					"is_sublayer":true,
					"name":"Group 1",
					"children":{
						"list":[
							"le-2",
							"le-8",
							"le-15",
							"le-19",
							"le-24",
							"le-31",
							"le-36"
							]
					}
				},
				"le-20":{
					"uid":"le-20",
					"is_raster":true,
					"name":"f0",
					"raster_id":"com.jfixby.tinto.preloader.psd.raster_14",
					"blend_mode":"NORMAL",
					"position_x":1338.5,
					"position_y":441,
					"width":24.5,
					"height":36.5,
					"children":{},
					"animation_settings":{
						"frame_time":"600"
					}
				},
				"le-21":{
					"uid":"le-21",
					"is_raster":true,
					"is_hidden":true,
					"name":"f1",
					"raster_id":"com.jfixby.tinto.preloader.psd.raster_15",
					"blend_mode":"NORMAL",
					"position_x":974.5,
					"position_y":494,
					"width":345.5,
					"height":245.5,
					"children":{},
					"animation_settings":{
						"frame_time":"600"
					}
				},
				"le-22":{
					"uid":"le-22",
					"is_raster":true,
					"is_hidden":true,
					"name":"f2",
					"raster_id":"com.jfixby.tinto.preloader.psd.raster_16",
					"blend_mode":"NORMAL",
					"position_x":1199.5,
					"position_y":557,
					"width":88,
					"height":82.5,
					"children":{},
					"animation_settings":{
						"frame_time":"600"
					}
				},
				"le-23":{
					"uid":"le-23",
					"is_raster":true,
					"is_hidden":true,
					"name":"f3",
					"raster_id":"com.jfixby.tinto.preloader.psd.raster_17",
					"blend_mode":"NORMAL",
					"position_x":974.5,
					"position_y":523,
					"width":231.5,
					"height":216.5,
					"children":{},
					"animation_settings":{
						"frame_time":"600"
					}
				},
				"le-24":{
					"uid":"le-24",
					"is_sublayer":true,
					"name":"waiting",
					"children":{
						"list":[
							"le-25",
							"le-26",
							"le-27"
							]
					}
				},
				"le-25":{
					"uid":"le-25",
					"is_raster":true,
					"name":"Layer 24",
					"raster_id":"com.jfixby.tinto.preloader.psd.raster_18",
					"blend_mode":"NORMAL",
					"position_x":738.5,
					"position_y":525,
					"width":181,
					"height":110.5,
					"children":{}
				},
				"le-26":{
					"uid":"le-26",
					"is_raster":true,
					"name":"Layer 26",
					"raster_id":"com.jfixby.tinto.preloader.psd.raster_19",
					"blend_mode":"NORMAL",
					"opacity":0.7215686440467834,
					"position_x":801.5,
					"position_y":587.5,
					"width":53,
					"height":11.5,
					"children":{}
				},
				"le-27":{
					"uid":"le-27",
					"is_animation":true,
					"name":"АНИМА wait",
					"animation_id":"com.jfixby.tinto.preloader.psd.anim_brush",
					"children":{
						"list":[
							"le-28",
							"le-29",
							"le-30"
							]
					},
					"animation_settings":{
						"is_simple_animation":true,
						"is_looped":true,
						"use_spline":true
					}
				},
				"le-28":{
					"uid":"le-28",
					"is_raster":true,
					"name":"f0",
					"raster_id":"com.jfixby.tinto.preloader.psd.raster_20",
					"blend_mode":"NORMAL",
					"position_x":774.5,
					"position_y":661.5,
					"width":9,
					"height":7.5,
					"children":{},
					"animation_settings":{
						"frame_time":"900"
					}
				},
				"le-29":{
					"uid":"le-29",
					"is_raster":true,
					"is_hidden":true,
					"name":"f1",
					"raster_id":"com.jfixby.tinto.preloader.psd.raster_21",
					"blend_mode":"NORMAL",
					"position_x":769.5,
					"position_y":682,
					"width":15,
					"height":10.5,
					"children":{},
					"animation_settings":{
						"frame_time":"900"
					}
				}
			}
		}
		]
}