{
	"format":"libGDX.Atlas",
	"version":"1.0",
	"timestamp":"1494008564548",
	"root_file_name":"com.jfixby.tinto.preloader.psd.raster.gdx-atlas",
	"packed_assets":[
		"com.jfixby.tinto.preloader.psd.raster_0.tile-744-0-0",
		"com.jfixby.tinto.preloader.psd.raster_0.tile-838-0-1",
		"com.jfixby.tinto.preloader.psd.raster_4.tile-889-0-0",
		"com.jfixby.tinto.preloader.psd.raster_5.tile-920-0-0",
		"com.jfixby.tinto.preloader.psd.raster_6.tile-960-0-0",
		"com.jfixby.tinto.preloader.psd.raster_7.tile-996-0-0",
		"com.jfixby.tinto.preloader.psd.raster_8.tile-33-0-0",
		"com.jfixby.tinto.preloader.psd.raster_9.tile-61-0-0",
		"com.jfixby.tinto.preloader.psd.raster_10.tile-83-0-0",
		"com.jfixby.tinto.preloader.psd.raster_15.tile-112-0-0",
		"com.jfixby.tinto.preloader.psd.raster_15.tile-138-1-0",
		"com.jfixby.tinto.preloader.psd.raster_17.tile-169-0-0",
		"com.jfixby.tinto.preloader.psd.raster_18.tile-202-0-0",
		"com.jfixby.tinto.preloader.psd.raster_26.tile-233-0-0",
		"com.jfixby.tinto.preloader.psd.raster_1",
		"com.jfixby.tinto.preloader.psd.raster_2",
		"com.jfixby.tinto.preloader.psd.raster_3",
		"com.jfixby.tinto.preloader.psd.raster_11",
		"com.jfixby.tinto.preloader.psd.raster_12",
		"com.jfixby.tinto.preloader.psd.raster_13",
		"com.jfixby.tinto.preloader.psd.raster_14",
		"com.jfixby.tinto.preloader.psd.raster_16",
		"com.jfixby.tinto.preloader.psd.raster_19",
		"com.jfixby.tinto.preloader.psd.raster_20",
		"com.jfixby.tinto.preloader.psd.raster_21",
		"com.jfixby.tinto.preloader.psd.raster_22",
		"com.jfixby.tinto.preloader.psd.raster_23",
		"com.jfixby.tinto.preloader.psd.raster_24",
		"com.jfixby.tinto.preloader.psd.raster_25",
		"com.jfixby.tinto.preloader.psd.raster_27"
		]
}