{
	"format":"RedTriplane.TiledRaster",
	"version":"1.0",
	"timestamp":"1494008563285",
	"root_file_name":"com.jfixby.tinto.preloader.psd.r3-trs",
	"packed_assets":[
		"com.jfixby.tinto.preloader.psd.raster_0",
		"com.jfixby.tinto.preloader.psd.raster_4",
		"com.jfixby.tinto.preloader.psd.raster_5",
		"com.jfixby.tinto.preloader.psd.raster_6",
		"com.jfixby.tinto.preloader.psd.raster_7",
		"com.jfixby.tinto.preloader.psd.raster_8",
		"com.jfixby.tinto.preloader.psd.raster_9",
		"com.jfixby.tinto.preloader.psd.raster_10",
		"com.jfixby.tinto.preloader.psd.raster_15",
		"com.jfixby.tinto.preloader.psd.raster_17",
		"com.jfixby.tinto.preloader.psd.raster_18",
		"com.jfixby.tinto.preloader.psd.raster_26"
		],
	"package_dependencies":[
		"com.jfixby.tinto.preloader.psd.raster_0.tile-744-0-0",
		"com.jfixby.tinto.preloader.psd.raster_0.tile-838-0-1",
		"com.jfixby.tinto.preloader.psd.raster_4.tile-889-0-0",
		"com.jfixby.tinto.preloader.psd.raster_5.tile-920-0-0",
		"com.jfixby.tinto.preloader.psd.raster_6.tile-960-0-0",
		"com.jfixby.tinto.preloader.psd.raster_7.tile-996-0-0",
		"com.jfixby.tinto.preloader.psd.raster_8.tile-33-0-0",
		"com.jfixby.tinto.preloader.psd.raster_9.tile-61-0-0",
		"com.jfixby.tinto.preloader.psd.raster_10.tile-83-0-0",
		"com.jfixby.tinto.preloader.psd.raster_15.tile-112-0-0",
		"com.jfixby.tinto.preloader.psd.raster_15.tile-138-1-0",
		"com.jfixby.tinto.preloader.psd.raster_17.tile-169-0-0",
		"com.jfixby.tinto.preloader.psd.raster_18.tile-202-0-0",
		"com.jfixby.tinto.preloader.psd.raster_26.tile-233-0-0"
		]
}